StudentID,FirstName,LastName,DateOfBirth,Address,ContactNumber,Email,GroupNumber
1,John,Makori,1998-05-15,Kenya,+254712345678,john.makori@example.com,144-4
2,Amina,Njoroge,1999-08-22,Kenya,+254723456789,amina.njoroge@example.com,144-4
3,Daniel,Girma,1997-11-05,Ethiopia,+251911234567,daniel.girma@example.com,144-2
4,Sara,Kibet,1998-03-30,Uganda,+256755678901,sara.kibet@example.com,144-4
5,Moses,Kimani,1999-06-12,Tanzania,+255712345678,moses.kimani@example.com,144-4
6,Zainab,Said,1997-09-18,Tanzania,+255765432109,zainab.said@example.com,144-3
7,Patrick,Kamau,1998-01-25,Kenya,+254700123456,patrick.kamau@example.com,144-5
8,Aisha,Mohammed,1999-04-03,Kenya,+254711223344,aisha.mohammed@example.com,144-3
9,Abdi,Nur,1997-07-17,Somalia,+252612345678,abdi.nur@example.com,144-3
10,Elsa,Makamba,1998-10-20,Rwanda,+250782345678,elsa.makamba@example.com,144-4
11,Omar,Kassim,1999-01-08,Djibouti,+25366123456,omar.kassim@example.com,144-4
12,Grace,Wambui,1997-04-14,Kenya,+254733987654,grace.wambui@example.com,144-2
13,Yohannes,Tesfaye,1998-07-02,Ethiopia,+251922345678,yohannes.tesfaye@example.com,144-4
14,Halima,Abdi,1999-10-11,Somaliland,+252634567890,halima.abdi@example.com,144-3
15,Robert,Oduor,1997-01-28,Kenya,+254710123456,robert.oduor@example.com,144-3
16,Nadia,Gebre,1998-04-09,Eritrea,+291712345678,nadia.gebre@example.com,144-1
17,Suleiman,Ali,1999-07-07,Somalia,+252612345678,suleiman.ali@example.com,144-4
18,Jane,Muthoni,1997-10-19,Kenya,+254799876543,jane.muthoni@example.com,144-5
19,Tewodros,Berhanu,1998-01-14,Ethiopia,+251933456789,tewodros.berhanu@example.com,144-4
20,Fatima,Ali,1998-02-10,Somalia,+252612345678,fatima.ali@example.com,144-3
21,Mohammed,Abdullahi,1997-05-20,Somalia,+252612345678,mohammed.abdullahi@example.com,144-4
22,Beatrice,Mwangi,1998-08-10,Kenya,+254712345678,beatrice.mwangi@example.com,144-4
23,Emmanuel,Kipchirchir,1999-11-30,Kenya,+254723456789,emmanuel.kipchirchir@example.com,144-2
24,Habiba,Omar,1997-03-15,Somalia,+252612345678,habiba.omar@example.com,144-4
25,Leah,Mukami,1998-06-25,Kenya,+254712345678,leah.mukami@example.com,144-5
26,Abdirahman,Ibrahim,1999-09-05,Somalia,+252612345678,abdirahman.ibrahim@example.com,144-1
27,Esther,Achieng,1997-12-17,Kenya,+254723456789,esther.achieng@example.com,144-1
28,Khalid,Abdulahi,1998-02-11,Somalia,+252612345678,khalid.abdulahi@example.com,144-5
29,Naomi,Ng'endo,1999-05-22,Kenya,+254712345678,naomi.ngendo@example.com,144-4
30,Lucas,Kimathi,1997-08-08,Kenya,+254723456789,lucas.kimathi@example.com,144-1
31,Hassan,Mohamed,1998-11-28,Somalia,+252612345678,hassan.mohamed@example.com,144-5
32,Sarah,Karimi,1997-02-15,Kenya,+254712345678,sarah.karimi@example.com,144-2
33,Adam,Ali,1998-05-27,Somalia,+252612345678,adam.ali@example.com,144-2
34,Caroline,Njeri,1999-09-12,Kenya,+254712345678,caroline.njeri@example.com,144-3
35,Abdul,Mohammed,1997-12-08,Somalia,+252612345678,abdul.mohammed@example.com,144-5
36,Catherine,Mwangi,1998-03-14,Kenya,+254712345678,catherine.mwangi@example.com,144-4
37,Ali,Hassan,1999-06-22,Somalia,+252612345678,ali.hassan@example.com,144-1
38,Ruth,Muthoni,1997-09-13,Kenya,+254723456789,ruth.muthoni@example.com,144-2
39,David,Kiprop,1998-12-31,Kenya,+254712345678,david.kiprop@example.com,144-3
40,Mariam,Hussein,1997-02-18,Somalia,+252612345678,mariam.hussein@example.com,144-4
41,Josephine,Wairimu,1998-05-24,Kenya,+254712345678,josephine.wairimu@example.com,144-3
42,Ahmed,Omar,1999-08-06,Somalia,+252612345678,ahmed.omar@example.com,144-5
43,Rebecca,Mukami,1997-11-18,Kenya,+254723456789,rebecca.mukami@example.com,144-1
44,Yusuf,Ali,1998-02-11,Somalia,+252612345678,yusuf.ali@example.com,144-2
45,Mary,Wanjiru,1999-05-26,Kenya,+254712345678,mary.wanjiru@example.com,144-4
46,Abdiqani,Abdirahman,1997-08-13,Somalia,+252612345678,abdiqani.abdirahman@example.com,144-1
47,Mercy,Wangari,1998-11-29,Kenya,+254723456789,mercy.wangari@example.com,144-5
48,Mahmoud,Mohamed,1997-02-20,Somalia,+252612345678,mahmoud.mohamed@example.com,144-4
49,Anita,Wambui,1998-05-21,Kenya,+254712345678,anita.wambui@example.com,144-1
50,Khalid,Hussein,1997-08-07,Somalia,+252612345678,khalid.hussein@example.com,144-2
51,Janet,Muthoni,1999-11-05,Kenya,+254712345678,janet.muthoni@example.com,144-1
52,Mohamed,Ahmed,1997-04-01,Somalia,+252612345678,mohamed.ahmed@example.com,144-3
53,Priscilla,Wairimu,1998-07-12,Kenya,+254723456789,priscilla.wairimu@example.com,144-4
54,Hassan,Mohammed,1997-10-23,Somalia,+252612345678,hassan.mohammed@example.com,144-3
55,Lucy,Kimani,1999-01-16,Kenya,+254712345678,lucy.kimani@example.com,144-3
56,Farhan,Ibrahim,1997-04-20,Somalia,+252612345678,farhan.ibrahim@example.com,144-4
57,Jessica,Achieng,1998-07-30,Kenya,+254723456789,jessica.achieng@example.com,144-2
58,Musa,Abdulahi,1999-11-08,Somalia,+252612345678,musa.abdulahi@example.com,144-2
59,Gloria,Ng'endo,1997-03-18,Kenya,+254712345678,gloria.ngendo@example.com,144-1
60,Philip,Kimathi,1998-06-28,Kenya,+254723456789,philip.kimathi@example.com,144-1
61,Mohammed,Abdullahi,1999-09-10,Somalia,+252612345678,mohammed.abdullahi@example.com,144-1
62,Beatrice,Mwangi,1997-12-31,Kenya,+254712345678,beatrice.mwangi@example.com,144-2
63,Emmanuel,Kipchirchir,1998-03-15,Kenya,+254723456789,emmanuel.kipchirchir@example.com,144-3
64,Habiba,Omar,1999-06-25,Somalia,+252612345678,habiba.omar@example.com,144-1
65,Leah,Mukami,1997-09-13,Kenya,+254712345678,leah.mukami@example.com,144-4
66,Abdirahman,Ibrahim,1998-12-31,Somalia,+252612345678,abdirahman.ibrahim@example.com,144-2
67,Esther,Achieng,1997-02-15,Kenya,+254723456789,esther.achieng@example.com,144-3
68,Khalid,Abdulahi,1998-05-28,Somalia,+252612345678,khalid.abdulahi@example.com,144-5
69,Naomi,Ng'endo,1999-09-15,Kenya,+254712345678,naomi.ngendo@example.com,144-4
70,Lucas,Kimathi,1997-12-08,Kenya,+254723456789,lucas.kimathi@example.com,144-4
71,Hassan,Mohamed,1998-03-20,Somalia,+252612345678,hassan.mohamed@example.com,144-3
72,Sarah,Karimi,1999-06-30,Kenya,+254712345678,sarah.karimi@example.com,144-3
73,Adam,Ali,1997-09-12,Somalia,+252612345678,adam.ali@example.com,144-2
74,Caroline,Njeri,1998-12-31,Kenya,+254712345678,caroline.njeri@example.com,144-1
75,Abdul,Mohammed,1999-03-07,Somalia,+252612345678,abdul.mohammed@example.com,144-3
76,Catherine,Mwangi,1997-06-17,Kenya,+254712345678,catherine.mwangi@example.com,144-5
77,Ali,Hassan,1998-09-26,Somalia,+252612345678,ali.hassan@example.com,144-4
78,Ruth,Muthoni,1999-12-15,Kenya,+254723456789,ruth.muthoni@example.com,144-3
79,David,Kiprop,1997-03-25,Kenya,+254712345678,david.kiprop@example.com,144-5
80,Mariam,Hussein,1998-06-09,Somalia,+252612345678,mariam.hussein@example.com,144-2
81,Josephine,Wairimu,1999-09-19,Kenya,+254712345678,josephine.wairimu@example.com,144-2
82,Ahmed,Omar,1997-12-22,Somalia,+252612345678,ahmed.omar@example.com,144-5
83,Rebecca,Mukami,1998-03-18,Kenya,+254723456789,rebecca.mukami@example.com,144-3
84,Yusuf,Ali,1999-06-28,Somalia,+252612345678,yusuf.ali@example.com,144-2
85,Mary,Wanjiru,1997-09-25,Kenya,+254712345678,mary.wanjiru@example.com,144-4
86,Abdiqani,Abdirahman,1998-12-20,Somalia,+252612345678,abdiqani.abdirahman@example.com,144-2
87,Mercy,Wangari,1999-03-05,Kenya,+254723456789,mercy.wangari@example.com,144-2
88,Mahmoud,Mohamed,1997-06-15,Somalia,+252612345678,mahmoud.mohamed@example.com,144-2
89,Anita,Wambui,1998-09-29,Kenya,+254712345678,anita.wambui@example.com,144-4
90,Khalid,Hussein,1999-12-10,Somalia,+252612345678,khalid.hussein@example.com,144-4
