TeacherID,FirstName,LastName,DateOfBirth,Address,ContactNumber,Email,SubjectID
1,David,Mwangi,1980-03-15,Kenya,+254720123456,david.mwangi@example.com,1
2,Grace,Kimani,1985-06-22,Uganda,+256755678901,grace.kimani@example.com,2
3,Mohammed,Abdi,1978-11-05,Somalia,+252634567890,mohammed.abdi@example.com,3
4,Alice,Wambua,1982-02-28,Tanzania,+255712345678,alice.wambua@example.com,4
5,Peter,Njoroge,1987-09-18,Kenya,+254723456789,peter.njoroge@example.com,5
6,Amina,Omar,1980-01-25,Djibouti,+25366123456,amina.omar@example.com,6
7,Joseph,Kassim,1985-04-14,Ethiopia,+251911234567,joseph.kassim@example.com,7
8,Wanjiru,Kamau,1982-07-02,Rwanda,+250782345678,wanjiru.kamau@example.com,8
9,Moses,Tewolde,1987-10-11,Eritrea,+291712345678,moses.tewolde@example.com,9
10,Aisha,Said,1980-05-20,Tanzania,+255765432109,aisha.said@example.com,10
11,Paul,Mutua,1978-09-15,Kenya,+254712345678,paul.mutua@example.com,11
12,Esther,Mukami,1983-11-10,Uganda,+256755678901,esther.mukami@example.com,12
13,Jibril,Abdirahman,1985-02-05,Somalia,+252634567890,jibril.abdirahman@example.com,13
14,Sarah,Wambui,1980-06-30,Tanzania,+255712345678,sarah.wambui@example.com,14
15,James,Njenga,1982-09-18,Kenya,+254723456789,james.njenga@example.com,15
16,Fatima,Omar,1990-01-25,Djibouti,+25366123456,fatima.omar@example.com,16
17,Abdi,Mohamed,1983-04-14,Ethiopia,+251911234567,abdi.mohamed@example.com,17
18,Anne,Kamau,1987-07-02,Rwanda,+250782345678,anne.kamau@example.com,18
19,Simon,Tesfay,1984-10-11,Eritrea,+291712345678,simon.tesfay@example.com,19
20,Fatima,Said,1981-05-20,Tanzania,+255765432109,fatima.said@example.com,20
